doi,url,license,formatted,possible_authorship,possible_citation,print_date,created,specimens,orcids
10.1038/s41598-017-18703-1,https://www.nature.com/articles/s41598-017-18703-1,,"Wang, S., Zhang, Q., & Yang, R. (2018). Reevaluation of the Dentary Structures of Caenagnathid Oviraptorosaurs (Dinosauria, Theropoda). Scientific Reports, 8(1). doi:10.1038/s41598-017-18703-1
",,,2018-12,2018-01-16,CMN 8776,""
10.1038/s41598-018-21924-7,https://www.nature.com/articles/s41598-018-21924-7,cc-by,"Zheng, W., Jin, X., Azuma, Y., Wang, Q., Miyata, K., & Xu, X. (2018). The most basal ankylosaurine dinosaur from the Albian–Cenomanian of China, with implications for the evolution of the tail club. Scientific Reports, 8(1). doi:10.1038/s41598-018-21924-7
",false,true,2018-12,2018-03-03,CMN 2759,""
10.1016/j.envsci.2018.06.020,https://www.sciencedirect.com/science/article/pii/S1462901118303988,,"Hart, R. J. (2018). Salmon, science, and conservation: Organizational power and the listing and recovery planning of an endangered species. Environmental Science & Policy, 88, 124–133. doi:10.1016/j.envsci.2018.06.020
",false,true,2018-10,2018-07-17,"",""
10.1016/j.jaa.2018.05.004,https://www.sciencedirect.com/science/article/pii/S0278416517301721,,"Norman, L. E. Y. (2018). Ethnohistoric documents as analogical tools: A case study from northwest Alaska. Journal of Anthropological Archaeology, 51, 1–15. doi:10.1016/j.jaa.2018.05.004
",false,false,2018-09,2018-05-27,"",""
10.1016/j.jaa.2018.06.004,https://www.sciencedirect.com/science/article/pii/S0278416518300011,,"Losey, R. J., Nomokonova, T., Gusev, A. V., Bachura, O. P., Fedorova, N. V., Kosintsev, P. A., & Sablin, M. V. (2018). Dogs were domesticated in the Arctic: Culling practices and dog sledding at Ust’-Polui. Journal of Anthropological Archaeology, 51, 113–126. doi:10.1016/j.jaa.2018.06.004
",,,2018-09,2018-06-26,"",""
10.1016/j.envpol.2018.04.008,https://www.sciencedirect.com/science/article/pii/S0269749117349412,,"Long, S.-X., Hamilton, P. B., Yang, Y., Wang, S., Huang, W., Chen, C., & Tao, R. (2018). Differential bioaccumulation of mercury by zooplankton taxa in a mercury-contaminated reservoir Guizhou China. Environmental Pollution, 239, 147–160. doi:10.1016/j.envpol.2018.04.008
",true,true,2018-08,2018-04-15,"",""
10.1145/3230652,https://dl.acm.org/citation.cfm?id=3230652,,"Sikora, M., Russo, M., Đerek, J., & Jurčević, A. (2018). Soundscape of an Archaeological Site Recreated with Audio Augmented Reality. ACM Transactions on Multimedia Computing, Communications, and Applications, 14(3), 1–22. doi:10.1145/3230652
",,,2018-07-24,2018-07-31,"",""
10.5334/oq.40,https://www.openquaternary.com/articles/10.5334/oq.40/,,"Welker, M., Billings, S., Burns, J., & McClure, S. (2018). Roads and Military Provisioning During the French and Indian War
                        (1754–1763): The Faunal Remains of Fort Shirley, PA in Context. Open Quaternary, 4(1), 5. doi:10.5334/oq.40
",false,false,2018-07-16,2018-07-22,"",""
10.15560/14.4.579,https://checklist.pensoft.net/article/25898/download/pdf/,,"Forsyth, R., & Nicolai, A. (2018). Guppya sterkii (Dall, 1888) (Gastropoda, Eupulmonata, Euconulidae) in eastern Ontario, Canada. Check List, 14(4), 579–583. doi:10.15560/14.4.579
",false,false,2018-07-13,2018-07-17,"",""
10.1093/jhered/esy034,https://academic.oup.com/jhered/advance-article/doi/10.1093/jhered/esy034/5053756,,"Natola, L., & Burg, T. M. (2018). Population genetics and speciation of yellow-bellied, red-naped, and red-breasted sapsuckers (Sphyrapicus varius, S. nuchalis, and S. ruber). Journal of Heredity. doi:10.1093/jhered/esy034
",false,false,2018-07-13,2018-07-17,"",""
10.7717/peerj.5212,https://peerj.com/articles/5212,cc-by,"Taylor, M. P. (2018). Xenoposeidon is the earliest known rebbachisaurid sauropod dinosaur. PeerJ, 6, e5212. doi:10.7717/peerj.5212
",false,false,2018-07-06,2018-07-12,NMC 50844,""
10.1111/pala.12379,https://onlinelibrary.wiley.com/doi/abs/10.1111/pala.12379,,"Chevrinais, M., Johanson, Z., Trinajstic, K., Long, J., Morel, C., Renaud, C. B., & Cloutier, R. (2018). Evolution of vertebrate postcranial complexity: axial skeleton regionalization and paired appendages in a Devonian jawless fish. Palaeontology. doi:10.1111/pala.12379
",,,2018-07-05,2018-07-10,"",""
10.7717/peerj.5194,https://peerj.com/articles/5194,cc-by,"Campbell, J. A., Ryan, M. J., Schröder-Adams, C. J., Evans, D. C., & Holmes, R. B. (2018). New insights into chasmosaurine (Dinosauria: Ceratopsidae) skulls from the Upper Cretaceous (Campanian) of Alberta, and an update on the distribution of accessory frill fenestrae in Chasmosaurinae. PeerJ, 6, e5194. doi:10.7717/peerj.5194
",false,false,2018-07-03,2018-07-12,"CMN 1254, CMN 2280, CMN 34829, CMN 34832, CMN 41357, CMN 57081, CMN 8798, CMN 8800, CMN 8801, CMN 8802, CMN 8803, CMN 8882",""
10.7717/peerj.5194,http://dinodata.de/dinothek/pdf_n/2018/001_peerj-5194_dd.pdf,,"Campbell, J. A., Ryan, M. J., Schröder-Adams, C. J., Evans, D. C., & Holmes, R. B. (2018). New insights into chasmosaurine (Dinosauria: Ceratopsidae) skulls from the Upper Cretaceous (Campanian) of Alberta, and an update on the distribution of accessory frill fenestrae in Chasmosaurinae. PeerJ, 6, e5194. doi:10.7717/peerj.5194
",false,false,2018-07-03,2018-07-19,"CMN 1254, CMN 2280, CMN 34829, CMN 34832, CMN 41357, CMN 57081, CMN 8798, CMN 8800, CMN 8801, CMN 8802, CMN 8803, CMN 8882",""
10.1093/conphys/coy037,https://academic.oup.com/conphys/article/6/1/coy037/5051675,cc-by,"Acker, M., Mastromonaco, G., & Schulte-Hostedde, A. I. (2018). The effects of body region, season and external arsenic application on hair cortisol concentration. Conservation Physiology, 6(1). doi:10.1093/conphys/coy037
",false,false,2018-07-01,2018-07-15,"",""
10.1016/j.envsci.2018.04.007,https://www.sciencedirect.com/science/article/pii/S1462901118302521,,"Romero Manrique, D., Corral, S., & Guimarães Pereira, Â. (2018). Climate-related displacements of coastal communities in the Arctic: Engaging traditional knowledge in adaptation strategies and policies. Environmental Science & Policy, 85, 90–100. doi:10.1016/j.envsci.2018.04.007
",false,true,2018-07,2018-04-21,"",""
10.1016/j.cretres.2018.07.012,https://www.sciencedirect.com/science/article/pii/S0195667118301265,,"Cumbaa, S. L., Day, R., Gingras, M., Haggart, J. W., Holmes, R. B., Murray, A. M., & Schröder-Adams, C. (2018). Lac des Bois, a locality in the Northern Western Interior Seaway (Canada) with Tethyan faunal connections during the Cenomanian/Turonian Thermal Maximum. Cretaceous Research. doi:10.1016/j.cretres.2018.07.012
",true,false,2018-07,2018-07-28,CMN 17426,""
10.1017/S0024282918000300,https://www.cambridge.org/core/journals/lichenologist/article/habitat-associations-and-distribution-model-for-fuscopannaria-leucosticta-in-nova-scotia-canada/FCE95DB86254CC7C7342548DC817A466,,"PEARSON, K., CAMERON, R., & MCMULLIN, R. T. (2018). Habitat associations and distribution model for Fuscopannaria leucosticta in Nova Scotia, Canada. The Lichenologist, 50(04), 487–497. doi:10.1017/s0024282918000300
",true,false,2018-07,2018-07-28,"",""
10.1017/jpa.2018.19,https://www.cambridge.org/core/journals/journal-of-paleontology/article/combined-mesowear-analysis-of-mexican-bison-antiquus-shows-a-generalist-diet-with-geographical-variation/7D925307AD1E888FA1EDCCEF367C70F0,,"Díaz-Sibaja, R., Jiménez-Hidalgo, E., Ponce-Saavedra, J., & García-Zepeda, M. L. (2018). A combined mesowear analysis of Mexican Bison antiquus shows a generalist diet with geographical variation. Journal of Paleontology, 1–10. doi:10.1017/jpa.2018.19
",,,2018-06-19,2018-06-26,"",""
10.1017/RDC.2018.50,https://www.cambridge.org/core/journals/radiocarbon/article/an-assessment-of-marine-reservoir-corrections-for-radiocarbon-dates-on-walrus-from-the-foxe-basin-region-of-arctic-canada/9949D8456A2F25FC5C45AC9F533CEF83,,"Dyke, A. S., Savelle, J. M., Szpak, P., Southon, J. R., Howse, L., Desrosiers, P. M., & Kotar, K. (2018). An Assessment of Marine Reservoir Corrections for Radiocarbon Dates on Walrus from the Foxe Basin region of Arctic Canada. Radiocarbon, 1–15. doi:10.1017/rdc.2018.50
",false,false,2018-06-11,2018-06-16,"",""
10.1007/s10021-018-0267-8,https://link.springer.com/article/10.1007/s10021-018-0267-8,,"Heindel, R. C., Governali, F. C., Spickard, A. M., & Virginia, R. A. (2018). The Role of Biological Soil Crusts in Nitrogen Cycling and Soil Stabilization in Kangerlussuaq, West Greenland. Ecosystems. doi:10.1007/s10021-018-0267-8
",,,2018-06-04,2018-06-09,"",""
10.2138/am-2018-6195,https://www.degruyter.com/view/j/ammin.2018.103.issue-6/am-2018-6195/am-2018-6195.xml,,"Turner, D. J., Rivard, B., & Groat, L. A. (2018). Visible and short-wave infrared reflectance spectroscopy of selected REE-bearing silicate minerals. American Mineralogist, 103(6), 927–943. doi:10.2138/am-2018-6195
",,,2018-06-01,2018-06-02,"",""
10.3368/er.36.2.116,http://er.uwpress.org/content/36/2/116.abstract,,"Rapai, S. B., McMullin, R. T., Maloles, J. R., Turgeon, M.-H., & Newmaster, S. G. (2018). An Ecological Restoration Approach to Biological Inventories: A Case Study in the Collection of a Vegetation Biolayer That Will Inform Restoration Planning. Ecological Restoration, 36(2), 116–126. doi:10.3368/er.36.2.116
",true,,2018-06,2018-05-22,"",""
10.1016/j.quaint.2018.05.037,https://www.sciencedirect.com/science/article/pii/S1040618217315367,,"Ponomarenko, D., & Ponomarenko, E. (2018). Describing krotovinas: A contribution to methodology and interpretation. Quaternary International. doi:10.1016/j.quaint.2018.05.037
",false,false,2018-06,2018-06-16,"",""
10.3099/MCZ44.1,http://www.bioone.org/doi/abs/10.3099/MCZ44.1,,"Downs,, J. P., Daeschler,, E. B., Long, A. M., & Shubin, N. H. (2018). Eusthenopteron jenkinsi sp. nov. (Sarcopterygii, Tristichopteridae) from the Upper Devonian of Nunavut, Canada, and a Review of Eusthenopteron Taxonomy. Breviora, 562(1), 1–24. doi:10.3099/mcz44.1
",,,2018-06,2018-06-26,"",""
10.1649/0010-065X-72.2.301,http://www.bioone.org/doi/abs/10.1649/0010-065X-72.2.301,,"Anderson, R. S. (2018). Stockwellius fasciatus Anderson, a New Genus and New Species of Litosomina (Coleoptera: Curculionidae: Dryophthorinae: Rhynchophorini) from Panama. The Coleopterists Bulletin, 72(2), 301–304. doi:10.1649/0010-065x-72.2.301
",true,true,2018-06,2018-07-02,"",""
10.1649/0010-065X-72.2.305,http://www.bioone.org/doi/abs/10.1649/0010-065X-72.2.305,,"Skelley, P. E., & Powell, G. S. (2018). Necessary Nomenclatural Corrections for Mycophtorus Lacordaire, 1842 and Neomycotretus Deelder, 1942, with the Establishment of Myceporthus Skelley and Powell, New Genus (Coleoptera: Erotylidae: Tritomini). The Coleopterists Bulletin, 72(2), 305–313. doi:10.1649/0010-065x-72.2.305
",,,2018-06,2018-07-02,"",""
10.1088/1757-899X/364/1/012056,http://iopscience.iop.org/article/10.1088/1757-899X/364/1/012056/pdf,cc-by,"Schalm, O., Anaf, W., Callier, J., & Leyva Pernia, D. (2018). New generation monitoring devices for heritage guardians to detect multiple events and hazards. IOP Conference Series: Materials Science and Engineering, 364, 012056. doi:10.1088/1757-899x/364/1/012056
",false,true,2018-06,2018-06-24,"",""
10.1007/s10646-018-1945-1,https://link.springer.com/article/10.1007/s10646-018-1945-1,,"Kim Tiam, S., Lavoie, I., Doose, C., Hamilton, P. B., & Fortin, C. (2018). Morphological, physiological and molecular responses of Nitzschia palea under cadmium stress. Ecotoxicology. doi:10.1007/s10646-018-1945-1
",true,false,2018-05-24,2018-05-29,"",""
10.1098/rspb.2018.0462,http://rspb.royalsocietypublishing.org/content/285/1878/20180462,,"Muschick, M., Russell, J. M., Jemmi, E., Walker, J., Stewart, K. M., Murray, A. M., … Seehausen, O. (2018). Arrival order and release from competition does not explain why haplochromine cichlids radiated in Lake Victoria. Proceedings of the Royal Society B: Biological Sciences, 285(1878), 20180462. doi:10.1098/rspb.2018.0462
",true,true,2018-05-16,2018-05-16,"","0000-0002-7782-7503, 0000-0001-9648-2902, 0000-0003-2349-0826, 0000-0002-0817-2806, 0000-0003-4630-6788, 0000-0001-6598-1434"
10.1007/s00300-018-2328-z,https://link.springer.com/article/10.1007/s00300-018-2328-z,,"Meyer Ottesen, C. A., Hop, H., Falk-Petersen, S., & Christiansen, J. S. (2018). Reproduction and sexual dimorphism of daubed shanny (Teleostei: Leptoclinus maculatus) in Svalbard waters. Polar Biology. doi:10.1007/s00300-018-2328-z
",false,true,2018-05-10,2018-05-16,"",""
10.1002/ece3.4052,https://onlinelibrary.wiley.com/doi/pdf/10.1002/ece3.4052,cc-by,"Fraser, D., Haupt, R. J., & Barr, W. A. (2018). Phylogenetic signal in tooth wear dietary niche proxies. Ecology and Evolution. doi:10.1002/ece3.4052
",true,false,2018-05-03,2018-05-16,"",0000-0002-0228-2617
10.1007/s10933-018-0027-y,https://link.springer.com/article/10.1007/s10933-018-0027-y,,"Elchyshyn, L., Goyette, J.-O., Saulnier-Talbot, É., Maranger, R., Nozais, C., Solomon, C. T., & Gregory-Eaves, I. (2018). Quantifying the effects of hydrological changes on long-term water quality trends in temperate reservoirs: insights from a multi-scale, paleolimnological study. Journal of Paleolimnology. doi:10.1007/s10933-018-0027-y
",false,false,2018-05-02,2018-05-06,"",""
10.1007/s10980-018-0628-x,https://link.springer.com/content/pdf/10.1007%2Fs10980-018-0628-x.pdf,cc-by,"Schirpke, U., Meisch, C., & Tappeiner, U. (2018). Symbolic species as a cultural ecosystem service in the European Alps: insights and open issues. Landscape Ecology, 33(5), 711–730. doi:10.1007/s10980-018-0628-x
",false,false,2018-05,2018-05-07,"",""
10.1016/j.palaeo.2018.05.018,https://www.sciencedirect.com/science/article/pii/S0031018218300610,,"Borgaonkar, H. P., Gandhi, N., Ram, S., & Krishnan, R. (2018). Tree-ring reconstruction of late summer temperatures in northern Sikkim (eastern Himalayas). Palaeogeography, Palaeoclimatology, Palaeoecology. doi:10.1016/j.palaeo.2018.05.018
",false,false,2018-05,2018-05-27,"",""
10.1016/j.marpetgeo.2018.05.018,https://www.sciencedirect.com/science/article/pii/S0264817218302150,,"Powell, J., Schneider, D. A., Desrochers, A., Flowers, R. M., Metcalf, J., Gaidies, F., & Stockli, D. F. (2018). Low-temperature thermochronology of Anticosti Island: A case study on the application of conodont (U-Th)/He thermochronology to carbonate basin analysis. Marine and Petroleum Geology. doi:10.1016/j.marpetgeo.2018.05.018
",false,false,2018-05,2018-06-05,"",""
10.1134/S0032945218030153,https://link.springer.com/article/10.1134/S0032945218030153,,"Zareian, H., Esmaeili, H. R., Gholamhosseini, A., Alwan, N., & Coad, B. W. (2018). Comments on the Mond Scraper, Capoeta mandica (Teleostei: Cyprinidae): Re-Description, Molecular Systematics and Distribution Modeling. Journal of Ichthyology, 58(3), 283–295. doi:10.1134/s0032945218030153
",,,2018-05,2018-07-06,"",""
10.3897/zookeys.754.22884,https://zookeys.pensoft.net/article/22884/download/pdf/,,"Lo Brutto, S., & Iaciofano, D. (2018). A taxonomic revision helps to clarify differences between the Atlantic invasive Ptilohyale littoralis and the Mediterranean endemic Parhyale plumicornis (Crustacea, Amphipoda). ZooKeys, 754, 47–62. doi:10.3897/zookeys.754.22884
",false,false,2018-04-30,2018-05-06,CMNC 2002-0071,""
10.1007/s10021-018-0254-0,,,"Pérez Navarro, M. Á., Sapes, G., Batllori, E., Serra-Diaz, J. M., Esteve, M. A., & Lloret, F. (2018). Climatic Suitability Derived from Species Distribution Models Captures Community Responses to an Extreme Drought Episode. Ecosystems. doi:10.1007/s10021-018-0254-0
",false,false,2018-04-24,2018-05-07,"",""
10.1002/oa.2669,https://onlinelibrary.wiley.com/doi/abs/10.1002/oa.2669,,"Lubinski, P. M., & Hale, T. A. (2018). Identifying and Siding the Stylohyoid Bone for North American Artiodactyls. International Journal of Osteoarchaeology. doi:10.1002/oa.2669
",false,false,2018-04-20,2018-04-27,"",""
10.3897/BDJ.6.e22837,https://bdj.pensoft.net/article/22837/download/pdf/,,"Sheffield, C., & Heron, J. (2018). A new western Canadian record of Epeoloides pilosulus (Cresson), with discussion of ecological associations, distribution and conservation status in Canada. Biodiversity Data Journal, 6, e22837. doi:10.3897/bdj.6.e22837
",false,false,2018-04-13,2018-05-07,"",""
10.1007/s00442-018-4140-4,https://link.springer.com/article/10.1007/s00442-018-4140-4,,"Fauteux, D., Gauthier, G., Berteaux, D., Palme, R., & Boonstra, R. (2018). High Arctic lemmings remain reproductively active under predator-induced elevated stress. Oecologia. doi:10.1007/s00442-018-4140-4
",true,false,2018-04-12,2018-04-18,"",""
10.1016/j.anbehav.2018.02.018,https://www.sciencedirect.com/science/article/pii/S000334721830068X,,"Bulté, G., Chlebak, R. J., Dawson, J. W., & Blouin-Demers, G. (2018). Studying mate choice in the wild using 3D printed decoys and action cameras: a case of study of male choice in the northern map turtle. Animal Behaviour, 138, 141–143. doi:10.1016/j.anbehav.2018.02.018
",,,2018-04,2018-04-01,"",""
10.1016/j.palaeo.2018.03.004,https://www.sciencedirect.com/science/article/pii/S0031018217307666,,"Super, J. R., Chin, K., Pagani, M., Li, H., Tabor, C., Harwood, D., & Hull, P. M. (2018). Late Cretaceous climate in the Canadian Arctic: multi-proxy constraints from Devon Island. Palaeogeography, Palaeoclimatology, Palaeoecology. doi:10.1016/j.palaeo.2018.03.004
",false,false,2018-04,2018-04-15,"",""
10.1098/rsos.172336,http://rsos.royalsocietypublishing.org/content/5/4/172336.abstract,cc-by,"Peredo, C. M., & Pyenson, N. D. (2018). 
            Salishicetus meadi
            , a new aetiocetid from the late Oligocene of Washington State and implications for feeding transitions in early mysticete evolution
          . Royal Society Open Science, 5(4), 172336. doi:10.1098/rsos.172336
",false,true,2018-04,2018-04-25,"","0000-0002-7217-9850, 0000-0003-4678-5782"
10.1111/cobi.12986,,,"Quan, Q., Che, X., Wu, Y., Wu, Y., Zhang, Q., Zhang, M., & Zou, F. (2018). Effectiveness of protected areas for vertebrates based on taxonomic and phylogenetic diversity. Conservation Biology, 32(2), 355–365. doi:10.1111/cobi.12986
",false,false,2018-04,2018-05-07,"",""
10.3897/zookeys.747.22731,https://zookeys.pensoft.net/article_preview.php?id=22731,,"Moctezuma, V., Sánchez-Huerta, J. L., & Halffter, G. (2018). Two new species of Ateuchus with remarks on ecology, distributions, and evolutionary relationships (Coleoptera, Scarabaeidae, Scarabaeinae). ZooKeys, 747, 71–86. doi:10.3897/zookeys.747.22731
",,,2018-03-29,2018-04-03,"",""
10.1111/1365-2745.12975,https://besjournals.onlinelibrary.wiley.com/doi/abs/10.1111/1365-2745.12975,,"Harris, L. I., Moore, T. R., Roulet, N. T., & Pinsonneault, A. J. (2018). Lichens: a limit to peat growth? Journal of Ecology. doi:10.1111/1365-2745.12975
",,,2018-03-24,2018-04-03,"",""
10.3897/zookeys.745.23685,https://zookeys.pensoft.net/article/23685/download/pdf/,,"Moore, M. R., Cave, R. D., & Branham, M. A. (2018). Annotated catalog and bibliography of the cyclocephaline scarab beetles (Coleoptera, Scarabaeidae, Dynastinae, Cyclocephalini). ZooKeys, 745, 101–378. doi:10.3897/zookeys.745.23685
",false,false,2018-03-22,2018-03-28,"",""
10.3897/zookeys.744.22766,https://zookeys.pensoft.net/article_preview.php?id=22766,cc-by,"Linzmeier, A. M., & Konstantinov, A. S. (2018). 
          Andersonoplatus, a new, remarkable leaf litter inhabiting genus of Monoplatina (Coleoptera, Chrysomelidae, Galerucinae, Alticini). ZooKeys, 744, 79–138. doi:10.3897/zookeys.744.22766
",,true,2018-03-20,2018-03-25,"",""
10.3897/zookeys.743.23029,https://zookeys.pensoft.net/article_preview.php?id=23029,,"Kohlmann, B., Arriaga-Jiménez, A., & Rös, M. (2018). Dung beetle vicariant speciation in the mountains of Oaxaca, Mexico, with a description of a new species of Phanaeus (Coleoptera, Geotrupidae, Scarabaeidae). ZooKeys, 743, 67–93. doi:10.3897/zookeys.743.23029
",,,2018-03-14,2018-03-21,"",""
10.1371/journal.pone.0192825,,cc0,"Aleuy, O. A., Ruckstuhl, K., Hoberg, E. P., Veitch, A., Simmons, N., & Kutz, S. J. (2018). Diversity of gastrointestinal helminths in Dall’s sheep and the negative association of the abomasal nematode, Marshallagia marshalli, with fitness indicators. PLOS ONE, 13(3), e0192825. doi:10.1371/journal.pone.0192825
",false,false,2018-03-14,2018-05-10,"",""
10.1111/jvs.12627,,,"Tedersoo, L., Laanisto, L., Rahimlou, S., Toussaint, A., Hallikma, T., & Pärtel, M. (2018). Global database of plants with root-symbiotic nitrogen fixation: NodDB. Journal of Vegetation Science. doi:10.1111/jvs.12627
",false,false,2018-03-05,2018-05-07,"",0000-0002-1635-1249
10.1080/02724634.2018.1431922,,,"Mallon, J. C., & Brinkman, D. B. (2018). Basilemys morrinensis, a new species of nanhsiungchelyid turtle from the Horseshoe Canyon Formation (Upper Cretaceous) of Alberta, Canada. Journal of Vertebrate Paleontology, 38(2), e1431922. doi:10.1080/02724634.2018.1431922
",true,true,2018-03-04,2018-05-10,"CMN 1145, CMN 376, CMN 57059, CMN 8516, CMN 8890",""
10.1093/zoolinnean/zlx101,https://academic.oup.com/zoolinnean/advance-article/doi/10.1093/zoolinnean/zlx101/4917718,,"Iwasa-Arai, T., & Serejo, C. S. (2018). Phylogenetic analysis of the family Cyamidae (Crustacea: Amphipoda): a review based on morphological characters. Zoological Journal of the Linnean Society. doi:10.1093/zoolinnean/zlx101
",false,false,2018-03-02,2018-03-08,"CMNC 2000-0019, CMNC 2000-0033, CMNC 2000-0035",""
10.1088/1748-9326/aaac0c,,cc-by,"Gennaretti, F., Boucher, E., Nicault, A., Gea-Izquierdo, G., Arseneault, D., Berninger, F., … Guiot, J. (2018). Underestimation of the Tambora effects in North American taiga ecosystems. Environmental Research Letters, 13(3), 034017. doi:10.1088/1748-9326/aaac0c
",false,true,2018-03-01,2018-05-10,"",""
10.3099/MCZ161-09.1,http://www.bioone.org/doi/abs/10.3099/MCZ161-09.1,,"Prena, J. (2018). An Annotated Inventory of the Weevils (Coleoptera: Curculionoidea) Described by Thomas Say. Bulletin of the Museum of Comparative Zoology, 161(9), 323–401. doi:10.3099/mcz161-09.1
",,,2018-03,2018-03-10,"",""
10.1016/j.ympev.2018.03.014,https://www.sciencedirect.com/science/article/pii/S1055790317306346,,"Vinnikov, K. A., Thomson, R. C., & Munroe, T. A. (2018). Revised Classification of the Righteye Flounders (Teleostei: Pleuronectidae) Based on Multilocus Phylogeny with Complete Taxon Sampling. Molecular Phylogenetics and Evolution. doi:10.1016/j.ympev.2018.03.014
",false,false,2018-03,2018-03-16,"",""
10.2216/17-112.1,http://www.phycologia.org/doi/abs/10.2216/17-112.1,,"Siver, P. A. (2018). Mallomonas aperturae sp. nov. (Synurophyceae) reveals that the complex cell architecture observed on modern synurophytes was well established by the middle Eocene. Phycologia, 57(3), 273–279. doi:10.2216/17-112.1
",,,2018-03,2018-03-21,"",""
10.1649/0010-065X-72.1.126,http://www.bioone.org/doi/full/10.1649/0010-065X-72.1.126,,"Anderson, R. S., Caldara, R., & Anzaldo, S. S. (2018). Mecinus linnavuori (Korotyaev) (Coleoptera: Curculionidae: Curculioninae: Mecinini), an Iraqi Weevil Species New to Southwestern North America. The Coleopterists Bulletin, 72(1), 126–128. doi:10.1649/0010-065x-72.1.126
",true,,2018-03,2018-03-28,"",""
10.1649/0010-065X-72.1.215,http://www.bioone.org/doi/full/10.1649/0010-065X-72.1.215,,"Anderson, B. (2018). The Coleopterists Society. The Coleopterists Bulletin, 72(1), 215–218. doi:10.1649/0010-065x-72.1.215
",,,2018-03,2018-03-28,"",""
10.1649/0010-065X-72.1.119,http://www.bioone.org/doi/abs/10.1649/0010-065X-72.1.119,,"Hespenheide, H. A. (2018). Hemicolpus Heller, 1895 (Coleoptera: Curculionidae: Conoderinae): A Reconsideration and Description of New Species from Mexico and Central America. The Coleopterists Bulletin, 72(1), 119–125. doi:10.1649/0010-065x-72.1.119
",,,2018-03,2018-03-28,"",""
10.1016/j.jhevol.2018.01.008,https://www.sciencedirect.com/science/article/pii/S0047248418300605,,"Stewart, K. M., & Rufolo, S. J. (2018). Kanapoi revisited: Paleoecological and biogeographical inferences from the fossil fish. Journal of Human Evolution. doi:10.1016/j.jhevol.2018.01.008
",true,true,2018-03,2018-04-01,"",""
10.1017/jpa.2017.62,,,"Chiba, K., Ryan, M. J., Fanti, F., Loewen, M. A., & Evans, D. C. (2017). New material and systematic re-evaluation of Medusaceratops lokii (Dinosauria, Ceratopsidae) from the Judith River Formation (Campanian, Montana). Journal of Paleontology, 92(02), 272–288. doi:10.1017/jpa.2017.62
",false,false,2018-03,2018-05-10,"CMN 344, CMN 971",""
10.3832/ifor2400-011,http://www.sisef.it/iforest/contents/?id=ifor2400-011,cc-by-nc,"Tiebel, K., Huth, F., & Wagner, S. (2018). Soil seed banks of pioneer tree species in European temperate forests: a review. iForest - Biogeosciences and Forestry, 11(1), 48–57. doi:10.3832/ifor2400-011
",false,false,2018-02-28,2018-01-30,"",""
10.1130/GES01513.1,https://pubs.geoscienceworld.org/gsa/geosphere/article-pdf/doi/10.1130/GES01513.1/4087853/ges01513.pdf,cc-by-nc,"Newhall, C., Self, S., & Robock, A. (2018). Anticipating future Volcanic Explosivity Index (VEI) 7 eruptions and their chilling impacts. Geosphere. doi:10.1130/ges01513.1
",false,false,2018-02-28,2018-03-08,"",""
10.1111/jai.13630,http://onlinelibrary.wiley.com/doi/10.1111/jai.13630/full,,"Masoudi, M., Esmaeili, H. R., & Ebrahimi, M. (2018). Embryology and early ontogeny of an endemic tooth-carp fish, Aphanius sophiae
 (Heckel, 1847). Journal of Applied Ichthyology. doi:10.1111/jai.13630
",false,false,2018-02-21,2018-02-24,"",0000-0002-9736-397X
10.1590/0102-33062017abb0336,http://www.scielo.br/scielo.php?pid=S0102-33062018005003103&script=sci_arttext,,"Santos, C. S., Barros, F. N., Paula, M. de, Rando, J., Nascimento, V. T. do, & Medeiros, P. M. de. (2018). What matters when prioritizing a medicinal plant? A study of local criteria for their differential use. Acta Botanica Brasilica, (0). doi:10.1590/0102-33062017abb0336
",,,2018-02-15,2018-02-21,"",""
10.1007/s12542-017-0396-y,https://link.springer.com/article/10.1007/s12542-017-0396-y,,"Korth, W. W. (2018). Review of the marsupials (Mammalia: Metatheria) from the late Paleogene (Chadronian–Arikareean: late Eocene–late Oligocene) of North America. PalZ. doi:10.1007/s12542-017-0396-y
",false,false,2018-02-13,2018-02-18,NMC 6249,""
10.1007/s10816-018-9366-2,https://link.springer.com/article/10.1007/s10816-018-9366-2,,"Howse, L. (2018). Hunting Technologies and Archaeofaunas: Societal Differences Between Hunter-Gatherers of the Eastern Arctic. Journal of Archaeological Method and Theory. doi:10.1007/s10816-018-9366-2
",,,2018-02-12,2018-02-18,"",""
10.3389/fevo.2018.00014,,cc-by,"English, P. A., Green, D. J., & Nocera, J. J. (2018). Stable Isotopes from Museum Specimens May Provide Evidence of Long-Term Change in the Trophic Ecology of a Migratory Aerial Insectivore. Frontiers in Ecology and Evolution, 6. doi:10.3389/fevo.2018.00014
",false,false,2018-02-12,2018-03-01,"CMNAV 10868, CMNAV 39940, CMNAV 84658",""
10.11646/zootaxa.4378.2.7,http://www.mapress.com/j/zt/article/download/zootaxa.4378.2.7/13695,,"KOHLMANN, B., ARRIAGA-JIMÉNEZ, A., & RÖS, M. (2018). An unusual new species of Canthidium (Coleoptera: Scarabaeidae: Scarabaeinae) from Oaxaca, Mexico. Zootaxa, 4378(2), 273. doi:10.11646/zootaxa.4378.2.7
",true,false,2018-02-07,2018-02-13,"",""
10.7717/peerj.4299,https://peerj.com/articles/4299,cc-by,"Saarela, J. M., Burke, S. V., Wysocki, W. P., Barrett, M. D., Clark, L. G., Craine, J. M., … Duvall, M. R. (2018). A 250 plastome phylogeny of the grass family (Poaceae): topological support under different data partitions. PeerJ, 6, e4299. doi:10.7717/peerj.4299
",true,false,2018-02-02,2018-02-10,"",""
10.2138/am-2018-6234,https://www.degruyter.com/view/j/ammin.2018.103.issue-2/am-2018-6234/am-2018-6234.xml,,"Schindler, M., Lussier, A. J., Principe, E., & Mykytczuk, N. (2018). Dissolution mechanisms of chromitite: Understanding the release and fate of chromium in the environment. American Mineralogist, 103(2), 271–283. doi:10.2138/am-2018-6234
",,,2018-02-01,2018-02-04,"",""
10.1016/j.jep.2018.01.022,https://www.sciencedirect.com/science/article/pii/S0378874117334980,,"Roulette, C. J., Njau, E.-F. A., Quinlan, M. B., Quinlan, R. J., & Call, D. R. (2018). Medicinal Foods and Beverages among Maasai Agro-Pastoralists in Northern Tanzania. Journal of Ethnopharmacology. doi:10.1016/j.jep.2018.01.022
",,,2018-02,2018-02-06,"",""
10.1016/j.palaeo.2018.02.010,https://www.sciencedirect.com/science/article/pii/S0031018217312452,,"Mallon, J. C., Henderson, D. M., McDonough, C. M., & Loughry, W. J. (2018). A “bloat-and-float” taphonomic model best explains the upside-down preservation of ankylosaurs. Palaeogeography, Palaeoclimatology, Palaeoecology. doi:10.1016/j.palaeo.2018.02.010
",false,false,2018-02,2018-02-13,"CMN 210, CMN 2759, CMN 31072, CMN 31074, CMN 40605, CMN 57027, CMN 8529, CMN 8531, CMN 8876, CMN 8879, CMN 8880",""
10.1016/j.rbe.2018.01.002,https://www.sciencedirect.com/science/article/pii/S0085562617301814,,"Kohlmann, B., & Vaz-De-Mello, F. Z. (2018). A new key for the species of  Ateuchus  Weber (Coleoptera: Scarabaeide: Scarabaeinae) occurring in Mexico, with description of the first North American inquiline species from a rodent burrow (Rodentia: Geomydae) and new distribution records. Revista Brasileira de Entomologia. doi:10.1016/j.rbe.2018.01.002
",,,2018-02,2018-02-18,"",""
10.1139/cjz-2017-0078,https://doi.org/10.1139/cjz-2017-0078,,"Langer, S. V., Vezsenyi, K. A., de Carle, D., Beresford, D. V., & Kvist, S. (2018). Leeches (Annelida: Hirudinea) from the far north of Ontario: distribution, diversity, and diagnostics. Canadian Journal of Zoology, 96(2), 141–152. doi:10.1139/cjz-2017-0078
",false,false,2018-02,2018-02-21,"CMNA 1987-0646, CMNA 1987-0671653.75",""
10.1002/ecs2.2124,http://onlinelibrary.wiley.com/doi/10.1002/ecs2.2124/full,cc-by,"Fauteux, D., Gauthier, G., Mazerolle, M. J., Coallier, N., Bêty, J., & Berteaux, D. (2018). Evaluation of invasive and non-invasive methods to monitor rodent abundance in the Arctic. Ecosphere, 9(2), e02124. doi:10.1002/ecs2.2124
",true,false,2018-02,2018-03-14,"",""
10.1002/fsh.10002,https://onlinelibrary.wiley.com/doi/abs/10.1002/fsh.10002,,"Fisheries Volume 43 Number 2 February 2018. (2018). Fisheries, 43(2), 69–116. doi:10.1002/fsh.10002
",,,2018-02,2018-04-18,"",""
10.1016/j.cretres.2017.05.021,,,"Kubo, T., Shibata, M., Naksri, W., Jintasakul, P., & Azuma, Y. (2018). The earliest record of Asian Eusuchia from the Lower Cretaceous Khok Kruat Formation of northeastern Thailand. Cretaceous Research, 82, 21–28. doi:10.1016/j.cretres.2017.05.021
",false,false,2018-02,2018-05-10,"",""
10.3897/afrinvertebr.59.22269,https://africaninvertebrates.pensoft.net/article_preview.php?id=22269,,"Souza-Gonçalves, I., & Lopes-Andrade, C. (2018). The Cis bilamellatus species-group (Coleoptera, Ciidae) in southern Africa: Cis mooihoekite sp. n. and new distributional records. African Invertebrates, 59(1), 25–35. doi:10.3897/afrinvertebr.59.22269
",false,false,2018-01-26,2018-01-30,"",""
10.11646/phytotaxa.336.1.3,,,"SAMARAKOON, M. C., GAFFOROV, Y., LIU, N., MAHARACHCHIKUMBURA, S. S. N., BHAT, J. D., LIU, J.-K., … HYDE, K. D. (2018). Combined multi-gene backbone tree for the genus Coniochaeta with two new species from Uzbekistan. Phytotaxa, 336(1), 43. doi:10.11646/phytotaxa.336.1.3
",false,false,2018-01-26,2018-05-07,"",""
10.3897/zookeys.731.19931,https://zookeys.pensoft.net/article_preview.php?id=19931,,"Jażdżewska, A. M., Corbari, L., Driskell, A., Frutos, I., Havermans, C., Hendrycks, E., … Brix, S. (2018). A genetic fingerprint of Amphipoda from Icelandic waters – the baseline for further biodiversity and biogeography studies. ZooKeys, 731, 55–73. doi:10.3897/zookeys.731.19931
",true,false,2018-01-23,2018-01-30,"",""
10.7717/peerj.4265,https://peerj.com/articles/4265/,cc-by,"Brown, C. M. (2018). Long-horned Ceratopsidae from the Foremost Formation (Campanian) of southern Alberta. PeerJ, 6, e4265. doi:10.7717/peerj.4265
",false,false,2018-01-16,2018-01-20,CMN 8535,""
10.7717/peerj.4113,https://peerj.com/articles/4113/,cc-by,"Herne, M. C., Tait, A. M., Weisbecker, V., Hall, M., Nair, J. P., Cleeland, M., & Salisbury, S. W. (2018). A new small-bodied ornithopod (Dinosauria, Ornithischia) from a deep, high-energy Early Cretaceous river of the Australian–Antarctic rift system. PeerJ, 5, e4113. doi:10.7717/peerj.4113
",false,false,2018-01-11,2018-01-16,CMN 8537,""
10.3897/zookeys.731.19854,https://zookeys.pensoft.net/article_preview.php?id=19854,cc-by,"Brix, S., Lörz, A.-N., Jazdzewska, A., Hughes, L., Tandberg, A. H., Pabis, K., … Jimenez Campean, A. (2018). Amphipod family distributions around Iceland. ZooKeys, 731, 41–53. doi:10.3897/zookeys.731.19854
",true,false,2018-01-09,2018-01-30,"",""
10.4039/tce.2017.59,https://www.cambridge.org/core/journals/canadian-entomologist/article/modernisation-of-the-hymenoptera-ants-bees-wasps-and-sawflies-of-the-early-eocene-okanagan-highlands-of-western-north-america/3283D9B3DA1A3C265758AF750D388546,,"Archibald, S. B., Rasnitsyn, A. P., Brothers, D. J., & Mathewes, R. W. (2018). Modernisation of the Hymenoptera: ants, bees, wasps, and sawflies of the early Eocene Okanagan Highlands of western North America. The Canadian Entomologist, 1–53. doi:10.4039/tce.2017.59
",false,false,2018-01-08,2018-01-13,"",""
10.1108/JCHMSD-05-2017-0025,http://www.emeraldinsight.com/doi/abs/10.1108/JCHMSD-05-2017-0025,,"Osanna, M., & Rinaldi, E. (2018). Planned conservation in Pompeii: complexity and methodological choices. Journal of Cultural Heritage Management and Sustainable Development. doi:10.1108/jchmsd-05-2017-0025
",,true,2018-01-04,2018-01-09,"",""
10.1002/ppp.1961,http://onlinelibrary.wiley.com/doi/10.1002/ppp.1961/full,,"Higgins, K. L., & Garon-Labrecque, M.-È. (2018). Fine-scale influences on thaw depth in a forested peat plateau landscape in the Northwest Territories, Canada: Vegetation trumps microtopography. Permafrost and Periglacial Processes, 29(1), 60–70. doi:10.1002/ppp.1961
",,,2018-01,2018-01-23,"",""
10.4289/0013-8797.120.1.1,http://www.bioone.org/doi/abs/10.4289/0013-8797.120.1.1,,"Brailovsky, H. (2018). A Review of the Subfamily Prostemmatinae from Honduras (Hemiptera: Heteroptera: Nabidae), with the Description of a New Species, New Records, and a Key. Proceedings of the Entomological Society of Washington, 120(1), 1–8. doi:10.4289/0013-8797.120.1.1
",,,2018-01,2018-03-21,"",""
10.3955/046.092.0106,http://www.bioone.org/doi/abs/10.3955/046.092.0106,,"Wonham, M. J., & Hart, M. W. (2018). El Niño Range Extensions of Pacific Sand Crab (Emerita analoga) in the Northeastern Pacific. Northwest Science, 92(1), 53–60. doi:10.3955/046.092.0106
",false,false,2018-01,2018-04-21,"",""
10.2988/17-00022,http://www.bioone.org/doi/abs/10.2988/17-00022,,"Woodman, N. (2018). Rediscovery of the type series of the Acadian Masked Shrew, Sorex acadicus  (Mammalia: Soricidae), with the designation of a neotype and a reevaluation of its taxonomic status. Proceedings of the Biological Society of Washington, 131(1), 111–131. doi:10.2988/17-00022
",false,false,2018-01,2018-04-25,"",""
10.1007/978-3-319-64763-0_2,https://link.springer.com/chapter/10.1007/978-3-319-64763-0_2,,"Lee Lyman, R. (2017). The History of MNI in North American Zooarchaeology. Zooarchaeology in Practice, 13–33. doi:10.1007/978-3-319-64763-0_2
",,true,2018,2017-11-28,"",""
10.1007/978-3-319-64763-0_13,https://link.springer.com/chapter/10.1007/978-3-319-64763-0_13,,"Jones, E. L. (2017). Coming to Terms with Imperfection: Comparative Studies and the Search for Grazing Impacts in Seventeenth Century New Mexico. Zooarchaeology in Practice, 251–268. doi:10.1007/978-3-319-64763-0_13
",false,false,2018,2017-11-28,"",""
10.1007/978-3-319-70066-3_16,https://link.springer.com/chapter/10.1007/978-3-319-70066-3_16,,"Braga, H. de O., Pardal, M. Â., & Azeiteiro, U. M. (2017). Incorporation of Local Ecological Knowledge (LEK) into Biodiversity Management and Climate Change Variability Scenarios for Threatened Fish Species and Fishing Communities—Communication Patterns Among BioResources Users as a Prerequisite for Co-management: A Case Study of Berlenga MNR, Portugal and Resex-Mar of Arraial do Cabo, RJ, Brazil. Handbook of Climate Change Communication: Vol. 2, 237–262. doi:10.1007/978-3-319-70066-3_16
",false,false,2018,2017-11-28,"",""
10.1007/978-981-10-7030-3_2,https://link.springer.com/chapter/10.1007/978-981-10-7030-3_2,,"Pletser, V. (2017). The Arctic During—Flashline Mars Arctic Research Station Diary. On To Mars!, 9–63. doi:10.1007/978-981-10-7030-3_2
",,,2018,2017-12-05,"",""
10.1007/978-3-319-66101-8_8,https://link.springer.com/chapter/10.1007/978-3-319-66101-8_8,,"Coslor, E. (2018). Physical and Epistemic Objects in Museum Conservation Risk Management. Materiality and Managerial Techniques, 193–220. doi:10.1007/978-3-319-66101-8_8
",false,true,2018,2018-01-30,"",""
10.1071/IS16088,http://www.publish.csiro.au/IS/IS16088,,"Esteves, E. L., de Paula, T. S., Lerner, C., Lôbo-Hajdu, G., & Hajdu, E. (2018). Morphological and molecular systematics of the “Monanchora arbuscula complex” (Poecilosclerida : Crambeidae), with the description of five new species and a biogeographic discussion of the genus in the Tropical Western Atlantic. Invertebrate Systematics. doi:10.1071/is16088
",,,2018,2018-04-10,"",""
10.1007/978-3-319-65682-3_9,https://link.springer.com/chapter/10.1007/978-3-319-65682-3_9,,"Gifford-Gonzalez, D. (2018). Identification: Sorting Decisions and Analytic Consequences. An Introduction to Zooarchaeology, 169–183. doi:10.1007/978-3-319-65682-3_9
",,,2018,2018-04-10,"",""
10.5751/ACE-01175-130110,http://www.ace-eco.org/vol13/iss1/art10/,cc-by-nc,"Tremblay, J. A., Robert, M., Hynes, D. P., Young, M. A., & Drolet, B. (2018). Range extension of the threatened Red Crossbill (Loxia curvirostra percna) in Canada: new insights from Anticosti Island, Québec. Avian Conservation and Ecology, 13(1). doi:10.5751/ace-01175-130110
",false,false,2018,2018-04-21,"",""
10.25085/rsea.763403,https://www.biotaxa.org/RSEA/article/viewFile/35006/30848,cc-by,"Lanteri, A. A., Hernández, E. P., & Flores, G. E. (2017). A catalog of the type specimens of various families of Tenebrionoidea (Insecta: Coleoptera) housed at the “Museo de La Plata”, Argentina. Revista de La Sociedad Entomológica Argentina, 76(3-4). doi:10.25085/rsea.763403
",false,false,2017-12-27,2018-01-02,"",""
10.1080/23802359.2017.1407698,http://www.tandfonline.com/doi/abs/10.1080/23802359.2017.1407698,implied-oa,"Hafeez, M. A., & Barta, J. R. (2017). The complete mitochondrial genome sequences of two Isospora species (Eimeriidae, Eucoccidiorida, Coccidiasina, Apicomplexa) causing coccidiosis in superb glossy starlings, Lamprotornis superbus (Aves: Sturnidae). Mitochondrial DNA Part B, 2(2), 895–896. doi:10.1080/23802359.2017.1407698
",false,false,2017-12-20,2017-12-18,"CMNPA 2014-0002, CMNPA 2014-0003",""
10.1093/zoolinnean/zlx071,https://academic.oup.com/zoolinnean/advance-article/doi/10.1093/zoolinnean/zlx071/4750660,,"Deler-Hernández, A., Sýkora, V., Seidel, M., Cala-Riquelme, F., & Fikáček, M. (2017). Multiple origins of the Phaenonotum beetles in the Greater Antilles (Coleoptera: Hydrophilidae): phylogeny, biogeography and systematics. Zoological Journal of the Linnean Society. doi:10.1093/zoolinnean/zlx071
",,,2017-12-15,2017-12-19,"",""
10.1007/s10980-017-0599-3,https://link.springer.com/article/10.1007/s10980-017-0599-3,,"Wiersma, Y. F., & McMullin, R. T. (2017). Is it common to be rare on the landscape? A test using a novel model system. Landscape Ecology. doi:10.1007/s10980-017-0599-3
",true,,2017-12-13,2017-12-19,"",""
10.1590/1982-0224-20170046,http://www.scielo.br/pdf/ni/v15n4/1982-0224-ni-15-04-e170046.pdf,cc-by,"Rosso, J. J., Rosso, F. del, Mabragaña, E., Schenone, N. F., Avigliano, E., & Astarloa, J. M. D. de. (2017). Molecular and taxonomic characterisation of introduced specimens of Poecilia reticulata in the lower Paraguay River basin (Cyprinodontiformes: Poeciliidae). Neotropical Ichthyology, 15(4). doi:10.1590/1982-0224-20170046
",false,false,2017-12-11,2018-05-07,"",""
10.1007/s12231-017-9395-x,https://link.springer.com/article/10.1007/s12231-017-9395-x,,"Caneva, G., Traversetti, L., Sujarwo, W., & Zuccarello, V. (2017). Sharing Ethnobotanical Knowledge in Traditional Villages: Evidence of Food and Nutraceutical “Core Groups” in Bali, Indonesia. Economic Botany. doi:10.1007/s12231-017-9395-x
",false,false,2017-12-04,2017-12-09,"",""
10.1111/geb.12667,http://onlinelibrary.wiley.com/doi/10.1111/geb.12667/full,,"Fraser, D., & Lyons, S. K. (2017). Biotic interchange has structured Western Hemisphere mammal communities. Global Ecology and Biogeography, 26(12), 1408–1422. doi:10.1111/geb.12667
",true,false,2017-12,2017-11-26,"","0000-0002-0228-2617, 0000-0001-5112-2508"
10.1898/NWN17-04.1,http://www.bioone.org/doi/abs/10.1898/NWN17-04.1,,"Carter, H. R. (2017). Historical Breeding By Pelagic, Double-Crested, and Brandt’s Cormorants In the Salish Sea, 1891–1955. Northwestern Naturalist, 98(3), 167–179. doi:10.1898/nwn17-04.1
",false,false,2017-12,2017-12-09,CMNAC 11996-021,""
10.1016/j.quaint.2017.12.001,https://www.sciencedirect.com/science/article/pii/S1040618217310169,cc-by-nc-nd,"Konidaris, G. E., Athanassiou, A., Tourloukis, V., Thompson, N., Giusti, D., Panagopoulou, E., & Harvati, K. (2017). The skeleton of a straight-tusked elephant ( Palaeoloxodon antiquus ) and other large mammals from the Middle Pleistocene butchering locality Marathousa 1 (Megalopolis Basin, Greece): preliminary results. Quaternary International. doi:10.1016/j.quaint.2017.12.001
",false,false,2017-12,2017-12-12,"",""
10.3732/apps.1700079,http://www.bioone.org/doi/full/10.3732/apps.1700079,,"Kuzmina, M. L., Braukmann, T. W. A., Fazekas, A. J., Graham, S. W., Dewaard, S. L., Rodrigues, A., … Hebert, P. D. N. (2017). Using Herbarium-Derived DNAs to Assemble a Large-Scale DNA Barcode Library for the Vascular Plants of Canada. Applications in Plant Sciences, 5(12), 1700079. doi:10.3732/apps.1700079
",,,2017-12,2017-12-26,"",""
10.1038/s41598-017-17657-8,https://www.nature.com/articles/s41598-017-17657-8,cc-by,"Wang, X., Rybczynski, N., Harington, C. R., White, S. C., & Tedford, R. H. (2017). A basal ursine bear (Protarctos abstrusus) from the Pliocene High Arctic reveals Eurasian affinities and a diet rich in fermentable sugars. Scientific Reports, 7(1). doi:10.1038/s41598-017-17657-8
",true,true,2017-12,2017-12-24,"CMN 51779-A, CMN 51779-B, CMN 52078, CMN 52078-A, CMN 52078-B, CMN 52078A, CMN 52078B, CMN 53980, CMN 53981, CMN 53982, CMN 53983, CMN 53984, CMN 53985, CMN 53987, CMN 53988, CMN 53989, CMN 53990, CMN 54380, CMNMA 15004, NUFV 303, NUFV 304",""
10.1038/s41598-017-18116-0,https://www.nature.com/articles/s41598-017-18116-0,cc-by,"Figueirido, B., Pérez-Ramos, A., Schubert, B. W., Serrano, F., Farrell, A. B., Pastor, F. J., … Romero, A. (2017). Dental caries in the fossil record: a window to the evolution of dietary plasticity in an extinct bear. Scientific Reports, 7(1). doi:10.1038/s41598-017-18116-0
",false,true,2017-12,2017-12-26,"",""
10.1016/j.geobios.2017.12.001,https://www.sciencedirect.com/science/article/pii/S0016699517300384,,"Steffen, M. L., & Fulton, T. L. (2017). On the association of giant short-faced bear (Arctodus simus) and brown bear (Ursus arctos) in late Pleistocene North America. Geobios. doi:10.1016/j.geobios.2017.12.001
",false,false,2017-12,2018-01-02,"CMN 1583, CMN 2772, CMN 28653, CMN 31187, CMN 38268, CMN 3979, CMN 41056, CMN 5009, CMN 75113, CMN 75573",""
10.1649/0010-065X-71.4.821,http://www.bioone.org/doi/abs/10.1649/0010-065X-71.4.821,,"Cupello, M., & Génier, F. (2017). Dendropaemon Perty, 1830 Nomenclature Revisited: on The Unavailability of “Onthoecus Lacordaire, 1856″ (Coleoptera: Scarabaeidae: Scarabaeinae: Phanaeini). The Coleopterists Bulletin, 71(4), 821–824. doi:10.1649/0010-065x-71.4.821
",true,,2017-12,2018-01-09,"",""
10.1038/s41598-017-09084-6,https://www.nature.com/articles/s41598-017-09084-6.pdf,cc-by,"Troudet, J., Grandcolas, P., Blin, A., Vignes-Lebbe, R., & Legendre, F. (2017). Taxonomic bias in biodiversity data and societal preferences. Scientific Reports, 7(1). doi:10.1038/s41598-017-09084-6
",false,false,2017-12,2018-05-07,"",""
10.1111/2041-210X.12841,,,"Schmitt, S., Pouteau, R., Justeau, D., de Boissieu, F., & Birnbaum, P. (2017). 
                        ssdm
: An r
 package to predict distribution of species richness and composition based on stacked species distribution models. Methods in Ecology and Evolution, 8(12), 1795–1803. doi:10.1111/2041-210x.12841
",false,false,2017-12,2018-05-07,"",""
10.1017/jpa.2017.62,https://www.cambridge.org/core/journals/journal-of-paleontology/article/new-material-and-systematic-reevaluation-of-medusaceratops-lokii-dinosauria-ceratopsidae-from-the-judith-river-formation-campanian-montana/852C434AB7EC109D5654742EAB15FDEC,,"Chiba, K., Ryan, M. J., Fanti, F., Loewen, M. A., & Evans, D. C. (2017). New material and systematic re-evaluation of Medusaceratops lokii (Dinosauria, Ceratopsidae) from the Judith River Formation (Campanian, Montana). Journal of Paleontology, 1–17. doi:10.1017/jpa.2017.62
",false,false,2017-11-28,2017-12-19,"CMN 344, CMN 971",""
10.1007/s00436-017-5680-y,https://link.springer.com/article/10.1007/s00436-017-5680-y,,"García-Vásquez, A., Guzmán-Valdivieso, I., Razo-Mendivil, U., & Rubio-Godoy, M. (2017). Three new species of Gyrodactylus von Nordmann, 1832 described from Goodea atripinnis (Pisces: Goodeidae), an endemic freshwater fish from the central highlands of Mexico. Parasitology Research. doi:10.1007/s00436-017-5680-y
",false,false,2017-11-17,2017-11-26,CMNPA 2015-0012,""
10.3752/cjai.2017.33,https://cjai.biologicalsurvey.ca/b_33/b_33.pdf,,"(2017). Canadian Journal of Arthropod Identification, 33. doi:10.3752/cjai.2017.33
",false,false,2017-11-01,2017-12-16,"",""
10.1002/jsfa.8340,http://jjh.cz/upload/28584.pdf,,"Yeash, E. A., Letwin, L., Malek, L., Suntres, Z., Knudsen, K., & Christopher, L. P. (2017). Biological activities of undescribed North American lichen species. Journal of the Science of Food and Agriculture, 97(14), 4721–4726. doi:10.1002/jsfa.8340
",false,true,2017-11,2017-11-26,"",""
10.1016/j.cretres.2017.10.012,http://www.sciencedirect.com/science/article/pii/S0195667117302616,,"Brum, A. S., Machado, E. B., de Almeida Campos, D., & Kellner, A. W. A. (2017). Description of uncommon pneumatic structures of a noasaurid (Theropoda, Dinosauria) cervical vertebra to the Bauru Group (Upper Cretaceous), Brazil. Cretaceous Research. doi:10.1016/j.cretres.2017.10.012
",false,false,2017-11,2017-11-26,CMN 50792,""
10.2138/am-2017-5926,https://www.degruyter.com/view/j/ammin.2017.102.issue-11/am-2017-5926/am-2017-5926.xml,,"Haring, M. M. M., & McDonald, A. M. (2017). Charleshatchettite, CaNb4O10(OH)2·8H2O, a new mineral from Mont Saint-Hilaire, Québec, Canada: Description, crystal-structure determination, and origin. American Mineralogist, 102(11), 2333–2340. doi:10.2138/am-2017-5926
",false,false,2017-11,2017-11-26,CMNMC 86894,""
10.1016/j.jhevol.2017.10.009,https://www.sciencedirect.com/science/article/pii/S0047248417304463,,"Bibi, F., Pante, M., Souron, A., Stewart, K., Varela, S., Werdelin, L., … de la Torre, I. (2017). Paleoecology of the Serengeti during the Oldowan-Acheulean transition at Olduvai Gorge, Tanzania: The mammal and fish evidence. Journal of Human Evolution. doi:10.1016/j.jhevol.2017.10.009
",true,false,2017-11,2017-12-03,"",""
10.3749/canmin.A00012,https://pubs.geoscienceworld.org/canmin/article-abstract/55/6/1067/523140,,"The Pinch Medal For 2017 To Peter Tarassoff. (2017). The Canadian Mineralogist, 55(6), 1067–1069. doi:10.3749/canmin.a00012
",,,2017-11,2017-12-19,"",""
10.3732/ajb.1700171,,,"Villaverde, T., González-Moreno, P., Rodríguez-Sánchez, F., & Escudero, M. (2017). Niche shifts after long-distance dispersal events in bipolar sedges (Carex, Cyperaceae). American Journal of Botany, 104(11), 1765–1774. doi:10.3732/ajb.1700171
",false,false,2017-11,2018-05-07,"",0000-0002-9236-8616
10.1371/journal.pone.0184703,http://journals.plos.org/plosone/article/file?id=10.1371/journal.pone.0184703,,"Forti, L. R., Becker, C. G., Tacioli, L., Pereira, V. R., Santos, A. C. F. A., Oliveira, I., … Toledo, L. F. (2017). Perspectives on invasive amphibians in Brazil. PLOS ONE, 12(9), e0184703. doi:10.1371/journal.pone.0184703
",,,2017-09-22,2018-05-07,"",""
10.7717/peerj.2835,https://peerj.com/articles/2835.pdf,cc-by,"Saarela, J. M., Sokoloff, P. C., & Bull, R. D. (2017). Vascular plant biodiversity of the lower Coppermine River valley and vicinity (Nunavut, Canada): an annotated checklist of an Arctic flora. PeerJ, 5, e2835. doi:10.7717/peerj.2835
",true,false,2017-01-31,2018-01-25,"CAN 103793, CAN 103794, CAN 108352, CAN 108365, CAN 111005, CAN 11365, CAN 127419, CAN 127423, CAN 12748, CAN 127517, CAN 127536, CAN 127542, CAN 127575, CAN 127633, CAN 127634, CAN 127635, CAN 127661, CAN 127669, CAN 127678, CAN 127695, CAN 127723, CAN 127777, CAN 127815, CAN 127849, CAN 127854, CAN 127855, CAN 127867, CAN 127962, CAN 128044, CAN 128061, CAN 128080, CAN 13381, CAN 13382, CAN 199929, CAN 199937, CAN 199943, CAN 200030, CAN 200060, CAN 200096, CAN 200101, CAN 200207, CAN 200225, CAN 200286, CAN 202944, CAN 202945, CAN 202949, CAN 202950, CAN 202951, CAN 202952, CAN 202973, CAN 203085, CAN 203108, CAN 203806, CAN 204979, CAN 211367, CAN 211368, CAN 21930, CAN 229874, CAN 235418, CAN 235488, CAN 236062, CAN 241966, CAN 241968, CAN 241981, CAN 241984, CAN 241985, CAN 241986, CAN 241994, CAN 241996, CAN 242003, CAN 242008, CAN 242010, CAN 242011, CAN 242021, CAN 253851, CAN 265444, CAN 265449, CAN 265461, CAN 265464, CAN 265479, CAN 265486, CAN 265487, CAN 265489, CAN 265503, CAN 265510, CAN 265517, CAN 265518, CAN 265526, CAN 265527, CAN 265533, CAN 265536, CAN 265539, CAN 265540, CAN 265542, CAN 265556, CAN 265560, CAN 265561, CAN 265577, CAN 265585, CAN 265586, CAN 265596, CAN 265598, CAN 265601, CAN 265603, CAN 265604, CAN 265609, CAN 265611, CAN 265613, CAN 286311, CAN 286314, CAN 286317, CAN 286320, CAN 287133, CAN 287134, CAN 287856, CAN 287908, CAN 303347, CAN 30525, CAN 30955, CAN 349130, CAN 349626, CAN 349630, CAN 349632, CAN 349739, CAN 352277, CAN 353570, CAN 3849, CAN 393649, CAN 393651, CAN 393652, CAN 40050, CAN 40681, CAN 433228, CAN 43376, CAN 434768, CAN 4746, CAN 485074, CAN 502409, CAN 503878, CAN 504545, CAN 51226, CAN 513320, CAN 513847, CAN 514252, CAN 531002, CAN 54391, CAN 561540, CAN 561541, CAN 561543, CAN 565030, CAN 565186, CAN 587999, CAN 588143, CAN 588721, CAN 590221, CAN 590238, CAN 592205, CAN 592207, CAN 592317, CAN 592320, CAN 592321, CAN 592565, CAN 592566, CAN 594920, CAN 59606, CAN 59607, CAN 597638, CAN 597639, CAN 597640, CAN 597641, CAN 597642, CAN 597643, CAN 597644, CAN 597645, CAN 597646, CAN 597647, CAN 597648, CAN 597650, CAN 597651, CAN 597654, CAN 597656, CAN 599605, CAN 599607, CAN 5996606, CAN 599700, CAN 599701, CAN 599702, CAN 599928, CAN 600911, CAN 603847, CAN 63016, CAN 65528, CAN 65749, CAN 71502, CAN 75112, CAN 76208, CAN 76421, CAN 77945, CAN 88524, CAN 91995, CAN 96165, CAN 96166, CAN 96181",""
10.22069/IJERR.2017.3869,http://ijerr.gau.ac.ir/article_3869_0edc06f8dd6eafef94e147b92c20bccd.pdf,,"",true,false,,2018-01-13,"",""
10.21684/0132-8077-2017-25-2-181-189,https://acarina.utmn.ru/upload/iblock/283/10.pdf,,,false,true,,2018-02-21,"",""
10.1093/biolinnean/bly010,https://academic.oup.com/biolinnean/advance-article/doi/10.1093/biolinnean/bly010/4869751,,,true,false,,2018-02-23,"",""
10.7287/peerj.preprints.3415v1,https://peerj.com/preprints/3415.pdf,,"Taylor, M. P. (2017). Xenoposeidon is the earliest known rebbachisaurid sauropod dinosaur. doi:10.7287/peerj.preprints.3415v1
",false,false,,2017-11-26,NMC 50844,""
10.7287/peerj.preprints.26730v1,https://peerj.com/preprints/26730/,cc-by,"Treau De Coeli, L., Gagnon, J.-M., & Archambault, P. (2018). Geometric morphometrics analysis: a complement to the revision of whelk taxonomy in the Arctic. doi:10.7287/peerj.preprints.26730v1
",true,true,,2018-03-25,"",""
10.7287/peerj.preprints.26775v1,https://peerj.com/preprints/26775/,cc-by,"Roy, V., Jørgensen, L. L., Archambault, P., Blicher, M., Denisenko, N., Guðmundsson, G., … Piepenburg, D. (2018). Benthos Expert Network: Findings and recommendations from the Circumpolar Biodiversity Monitoring Program’s State of the Arctic Marine Biodiversity Report (SAMBR). doi:10.7287/peerj.preprints.26775v1
",true,true,,2018-04-01,"",""
10.7287/peerj.preprints.26822v1,https://peerj.com/preprints/26822/,,"Hop, H., Bluhm, B. A., Melnikov, I. A., Poulin, M., Vihtakari, M., Collins, R. E., … von Quillfeldt, C. (2018). Sea ice biota: Excerpts from the State of the Arctic Marine Biodiversity Report by the Sea Ice Biota Expert Network/CBMP. doi:10.7287/peerj.preprints.26822v1
",true,true,,2018-04-08,"",""
10.7289/V5/TM-SWFSC-594,https://swfsc.noaa.gov/publications/TM/SWFSC/NOAA-TM-NMFS-SWFSC-594.pdf,,,false,false,,2018-04-15,"",""
10.18435/vamp29338,https://journals.library.ualberta.ca/vamp/index.php/VAMP/article/viewFile/29338/21353#page=9,,,false,false,,2018-05-16,"CMN 10015, CMN 8167, CMN 8168, CMN 8889, CMN 8920",""
10.18435/vamp29338,https://journals.library.ualberta.ca/vamp/index.php/VAMP/article/viewFile/29338/21353,,,false,false,,2018-05-16,"CMN 10015, CMN 8167, CMN 8168, CMN 8889, CMN 8920",""
10.18435/vamp29283,https://journals.library.ualberta.ca/vamp/index.php/VAMP/article/download/29283/21355,cc-by,,false,false,,2018-05-29,"CMN 12068, CMN 12069, CMN 8632, CMN 930",""
10.3119/17-11,http://www.rhodorajournal.org/doi/abs/10.3119/17-11,,,,,,2018-06-24,"",""
10.1007/s42330-018-0014-3,https://link.springer.com/article/10.1007/s42330-018-0014-3,,,,,,2018-07-04,"",""
10.7287/peerj.preprints.27021v1,https://peerj.com/preprints/27021.pdf,,"Snively, E., O’Brien, H., Henderson, D. M., Mallison, H., Surring, L. A., Burns, M. E., … Cotton, J. R. (2018). Lower rotational inertia and larger leg muscles indicate more rapid turns in tyrannosaurids than in other large theropods. doi:10.7287/peerj.preprints.27021v1
",false,false,,2018-07-10,CMN 8506,""
10.3749/canmin.1800005,https://pubs.geoscienceworld.org/canmin/article-abstract/56/3/265/537244,,,false,false,,2018-07-22,"",""
,https://pdfs.semanticscholar.org/f311/726ca33356367f1c4f49e248bc2469731c90.pdf,,,false,true,,2017-11-26,"",""
,https://portals.iucn.org/library/sites/library/files/documents/2017-054.pdf,,,false,false,,2017-11-30,"",""
,http://www.deutsches-museum.de/fileadmin/Content/010_DM/060_Verlag/preprint-12-online.pdf,,,false,false,,2017-12-03,"",""
,http://books.google.ca/books?hl=en&lr=lang_en&id=tMJADwAAQBAJ&oi=fnd&pg=PR9&dq=%22Canadian+Museum+of+Nature%22&ots=iQ84BEHCqg&sig=xaXCLJgrSWZfSNhXGkuU8OPUPDU,,,,,,2017-12-05,"",""
,http://books.google.ca/books?hl=en&lr=lang_en&id=cu9ADwAAQBAJ&oi=fnd&pg=PP1&dq=%22Canadian+Museum+of+Nature%22&ots=F2RYIyN1bj&sig=30XScvsBveOApsRb8pw-VrQTec0,,,,,,2017-12-05,"",""
,http://books.google.ca/books?hl=en&lr=lang_en&id=tMJADwAAQBAJ&oi=fnd&pg=PR9&dq=%22Mus%C3%A9e+canadien+de+la+nature%22&ots=iQ84BEHCqg&sig=xaXCLJgrSWZfSNhXGkuU8OPUPDU,,,,,,2017-12-05,"",""
,https://www.unitedplantsavers.org/images/pdf/17-1681%20Ginseng%20Symposium%20proceedings.pdf#page=87,,,false,false,,2017-12-07,"",""
,https://uwspace.uwaterloo.ca/bitstream/handle/10012/11921/Howell_Graham.pdf?sequence=7&isAllowed=y,,,false,false,,2017-12-09,"",""
,http://search.proquest.com/openview/e518a882d15e2735552adafd2e7b3417/1?pq-origsite=gscholar&cbl=29010,,,,,,2017-12-12,"",""
,http://www.jeaniron.ca/2017/Eur_Gull.pdf,,,true,true,,2017-12-26,"CMN 61999, CMN 62001, CMN 84198",""
,https://ipfs.io/ipfs/QmXoypizjW3WknFiJnKLwHCnL72vedxjQkDDP1mXWo6uco/wiki/National_Film_Board_of_Canada.html,,,,,,2017-12-30,"",""
,https://cdn.palass.org/publications/palaeontology/volume_39/pdf/vol39_part2_pp241-258.pdf,,,false,false,,2018-01-20,"",""
,http://www.jlimnol.it/index.php/jlimnol/article/download/jlimnol.2018.1636/1375,,,false,false,,2018-02-06,"",""
,https://ebird.org/canada/news/identifying-northern-red-tailed-hawks/,,,,,,2018-02-06,"",""
,https://biblio.ugent.be/publication/8548633/file/8548643,,,false,false,,2018-02-13,"",""
,http://www.nanfa.org/ac/british-columbia's-lake-lamprey.pdf,,,false,false,,2018-02-18,"",""
,https://www.dinosaur.pref.fukui.jp/archive/memoir/memoir016-029.pdf,,,false,false,,2018-03-03,"",""
,http://arctic.journalhosting.ucalgary.ca/arctic/index.php/arctic/article/download/4711/4913,,,false,true,,2018-03-08,"",""
,http://www.canadianfieldnaturalist.ca/index.php/cfn/article/viewFile/2057/1940,,,true,true,,2018-03-14,"",""
,https://digitalcommons.unl.edu/cgi/viewcontent.cgi?article=1692&context=entomologyfacpub,,,false,false,,2018-03-16,"",""
,https://digitalcommons.unl.edu/cgi/viewcontent.cgi?article=1072&context=hexapodherald,,,false,false,,2018-03-18,"",""
,http://www.kpress.in/assets/uploads/doc/e4644-45-54.15032.pdf,,,false,true,,2018-03-30,"",""
,https://sora.unm.edu/sites/default/files/Browning.pdf,,,false,true,,2018-04-18,"",""
,http://www.citt.gc.ca/en/node/8257,,,,,,2018-04-21,"",""
,https://search.informit.com.au/fullText;dn=511225590446696;res=IELAPA,,,,,,2018-05-02,"",""
,https://www.ruor.uottawa.ca/bitstream/10393/37609/1/Byrne_Lisa_2018_thesis.pdf,,,false,false,,2018-05-16,"",""
,https://digitalcommons.unl.edu/cgi/viewcontent.cgi?article=2134&context=insectamundi,,,false,false,,2018-05-20,"",""
,http://www.citt.gc.ca/en/node/8271,,,,,,2018-05-29,"",""
,http://books.google.ca/books?hl=en&lr=lang_en&id=xXRgDwAAQBAJ&oi=fnd&pg=PA56&dq=%22Canadian+Museum+of+Nature%22&ots=v5nkYbiBNp&sig=veeJ191ffZ2IkDY8O3BZhxPe32Y,,,,,,2018-06-26,"",""
,https://digitalcommons.unl.edu/cgi/viewcontent.cgi?article=1161&context=entomologypapers,,,false,false,,2018-07-04,CMNC CASC,""
,https://www.ajhtl.com/uploads/7/1/6/3/7163688/article_50_vol_7_2__2018.pdf,,,false,false,,2018-07-08,"",""
,http://www.citt-tcce.gc.ca/en/node/8334,,,,,,2018-07-10,"",""
,https://www.sararegistry.gc.ca/default.asp?lang=En&n=9CA194D5-1&offset=3&toc=show,,,false,false,,2018-07-10,"",""
,https://edoc.hu-berlin.de/bitstream/handle/18452/20045/bordonaro.pdf?sequence=1,,,false,false,,2018-07-15,"",""
,https://arxiv.org/pdf/1807.03014,,,false,true,,2018-07-15,"","0000-0001-9358-1219, 0000-0002-8591-0382"
